pdf_page,printed_page,text_char_count,image_count,text_layer_status,parser_used,text_sha256
1,,328,3,TEXT_AVAILABLE,pymupdf_text,fdd7b82530a2720f692bd983616bdb53a50bbcc8695f6bdde072939d6ac80157
2,1,292,0,TEXT_AVAILABLE,pymupdf_text,719a200d3f89b323f4dd02a2a060ed40f406a24a7018c166598156fce488682d
3,2,980,0,TEXT_AVAILABLE,pymupdf_text,8afeae9a585362764cc38a1268a2b97cbda6566a9abc15dcbfb9031c6c374e50
4,3,903,1,TEXT_AVAILABLE,pymupdf_text,ff9f849d8ca2d9e9dbf3dd7052509aac8672a0e28f09527fb88bb363ba6ce016
5,4,316,0,TEXT_AVAILABLE,pymupdf_text,69466fb8fda94e78624d6338455f047b6ee432f225b08452d2e4522125fa526c
6,5,2912,0,TEXT_AVAILABLE,pymupdf_text,7e52b2afde07065a8bbe341ffa70cff589f6e8fe012a48d5f9387f79d61180d3
7,6,2541,0,TEXT_AVAILABLE,pymupdf_text,4e789bff38277108eb00cb8f81e0ef7dd9b5aeec1f7d1fa6336e795e00d59113
8,7,2633,0,TEXT_AVAILABLE,pymupdf_text,dd797f67d030ee2c36417262c30dcb78b004da00edd68f0a583fc03e53aa06b1
9,8,2556,0,TEXT_AVAILABLE,pymupdf_text,6647903d3cccd607c5db7a90f56e88890caa2cf6e0c14fb62bd38eea15f8aad5
10,9,1045,0,TEXT_AVAILABLE,pymupdf_text,b2f1300dfedc8888649e4a9d868f8306f8cded21dafbd5ff33f8fdb7a86a97d7
11,10,917,0,TEXT_AVAILABLE,pymupdf_text,9622baaac0b7336ca2cee06835a21e44249bba822609511006a70e3b0500969e
12,11,1193,0,TEXT_AVAILABLE,pymupdf_text,0920fdeca8c4e32218ca79ae7ec1ef91df4d29f9d4abd59c63d5dd511474a6db
13,12,1105,0,TEXT_AVAILABLE,pymupdf_text,8dd1224eb8b8f95e3069b6b5879157b8d8634f7260202670c4d8d941fcf61498
14,13,1448,0,TEXT_AVAILABLE,pymupdf_text,0f57c1c54d463010563a590a3f463d7b5ae86c65db627beb0445bb1362023fc1
15,14,672,0,TEXT_AVAILABLE,pymupdf_text,2d748134a87cf6caefe21107605e3d6815cb226fe994b8adec5a3fa57c2f4fa1
16,15,732,0,TEXT_AVAILABLE,pymupdf_text,faa6e44bfa0af664b040b975eb532d692dc0791e85379ba35f458527f753f4bb
17,16,1086,0,TEXT_AVAILABLE,pymupdf_text,0f4b2991f51496ea4702b43282380812345a3f4807d04e16952b3e74b4c4f726
18,17,973,0,TEXT_AVAILABLE,pymupdf_text,deaf1ac80c2f32e53e8ba430e8b8c65f2dc698f42d39014c3e15c3ef4dacc78c
19,18,957,0,TEXT_AVAILABLE,pymupdf_text,e19a3327512eb21435ec627814808b60fb47c75930fcbdb61c9eb62cf7eab22c
20,19,915,0,TEXT_AVAILABLE,pymupdf_text,c54e960010c0b8204a289b64f7892eae174d18e327bf586b60b4c7d394da9056
21,20,966,0,TEXT_AVAILABLE,pymupdf_text,62f828a08aa1844850f118e1b3ae0a95316a840585d3c1a6b458cbb4b0d5c417
22,21,1040,0,TEXT_AVAILABLE,pymupdf_text,1a6f81a7a0b2ca7063280277c1551d1ab474cffd20660b3c06d4060006b9e986
23,22,1136,0,TEXT_AVAILABLE,pymupdf_text,b7096b1a6863d7782a9be7f6c3dc4dde378d9b499068c88ab59166e62cc491e3
24,23,787,0,TEXT_AVAILABLE,pymupdf_text,1f0d89547d37845b815cf241486aa300038c67572c499941d904fbb69d5e8611
25,24,1045,0,TEXT_AVAILABLE,pymupdf_text,d5389fa3124ebf999c95f969ee86e6020430712c32342d11c5f0d7b4419b9239
26,25,1048,0,TEXT_AVAILABLE,pymupdf_text,39644d7ed1ef85313543f4c8ffed8d71e0734a6600eaac88c3d938c2394e6af0
27,26,1047,0,TEXT_AVAILABLE,pymupdf_text,3b9405a9e84e969cf983b6064ea8ecc9ce44ea5282a33309def2e5a96b29d202
28,27,1313,0,TEXT_AVAILABLE,pymupdf_text,aaf58b8111dba8e16ba70123af412c3bdff52c20576ce8c16bec0f8d8b6caa67
29,28,1002,0,TEXT_AVAILABLE,pymupdf_text,25ec3c3d60c371de53c62287ee3e564880dfa90772c506fbebca6d55e1634e1b
30,29,983,0,TEXT_AVAILABLE,pymupdf_text,3d0d00f13864e22cb37fdbe3846bf7bc0da8af03dbf9b9f5099409eb0fdf52de
31,30,1016,0,TEXT_AVAILABLE,pymupdf_text,f26cee0a11e909a67d18e16947b31dbc1d9279a15e9c0b1c1455670dd28b9561
32,31,979,0,TEXT_AVAILABLE,pymupdf_text,e3221e2ac79587755d2c5c8b24b8d7eb56698458ecacf12856d07fd458ff5b0b
33,32,936,0,TEXT_AVAILABLE,pymupdf_text,d804e5604872c653a96a03840b3cf8ff7ed5dc64a6652c313187f1e70c1bcf5c
34,33,1034,0,TEXT_AVAILABLE,pymupdf_text,a06cc6d6403a50daef0faf12488a312dce591c7a9fcc431d22788f3b1b2acd0a
35,34,1068,0,TEXT_AVAILABLE,pymupdf_text,b281c3851cb85662755bb513af2ca6ce2129c231566999d23b43c0ee9f2282e6
36,35,880,0,TEXT_AVAILABLE,pymupdf_text,30a90d45095ed5b6e26c81ea73d154694ccea35b56e3dc29ed047c22c9c2cb94
37,36,1003,0,TEXT_AVAILABLE,pymupdf_text,4b5ca65d6ed0b523a184689fe38dde594dfc9265d1c8d918727273052210369d
38,37,1010,0,TEXT_AVAILABLE,pymupdf_text,a3649c84889b1b739151bc8864e12afac1c997d618a76975f2c1458f758469b3
39,38,1122,0,TEXT_AVAILABLE,pymupdf_text,0766fa85e5bf96cf80f3c7ad4fae11106d8095b4a27035ef5eca336416bad8c4
40,39,1081,0,TEXT_AVAILABLE,pymupdf_text,501fe69e31fbe94ce2bcd5852d923d79a4d8bf9813a4659f6735ecd14affea4b
41,40,1054,0,TEXT_AVAILABLE,pymupdf_text,ff388066bd4b2a10378a30021277c788bf0558da966dc166d714c47eaa219479
42,41,1186,0,TEXT_AVAILABLE,pymupdf_text,f5b88bba3ea714512d17ec3a7c139ce0adc3451ae621e70fbbe29b87ed61d7e8
43,42,1192,0,TEXT_AVAILABLE,pymupdf_text,edc5483e2308a352948c4e49e1143e2269373965d00a242f81f17ab2ace5e208
44,43,1077,0,TEXT_AVAILABLE,pymupdf_text,6efde7841f31d5480f3c92c8f1993cb6ae006f96e753edbe9263c46ccfac99c6
45,44,982,0,TEXT_AVAILABLE,pymupdf_text,072249b33fcb6ea32d0a4f54c560f1e83687395663881cb335e191211b240f87
46,45,910,0,TEXT_AVAILABLE,pymupdf_text,2fffcb7022c83f40ae9dd7392e8aacbe03b2ed3a43ffd63ed6714d22de1d5018
47,46,467,0,TEXT_AVAILABLE,pymupdf_text,1213698f9d8375517ca5fd6c7454bc98031beece2bd6c01c81feb1a020d99775
48,47,604,0,TEXT_AVAILABLE,pymupdf_text,1ee2718b987fa48537d84499db2c58f8f96d658b484347ecc08496244f610930
49,48,972,0,TEXT_AVAILABLE,pymupdf_text,823ac24ddcec7f85313a4f8df9eca5e343d0976d20abdce98a28ab0daa08467c
50,49,759,0,TEXT_AVAILABLE,pymupdf_text,d578e1455ab7223c144de05feb1749a440b3d1330a7b41073e884de3d9c854c8
51,50,957,0,TEXT_AVAILABLE,pymupdf_text,0a8fc626fa16275b1a2560d285da04e1821912597ef24f685e7fa5ab82c242cf
52,51,127,0,TEXT_AVAILABLE,pymupdf_text,353866f63fefd8b4f602a65cae5c480dd0eba1bbd29c5145944c2a5c5368676f
53,52,903,0,TEXT_AVAILABLE,pymupdf_text,38e67de936aee003b0f99b959d1ff56151ab1e35b9a74f94e6c12b5b43b89bf0
54,53,1011,0,TEXT_AVAILABLE,pymupdf_text,e597a8ebcc0f34bcc54fe11695f901f91df762a261ccefcaa50549dc9e085c28
55,54,995,0,TEXT_AVAILABLE,pymupdf_text,d5f4fb8b2adab74446da112429aeb408d793a8ed3775cb34956573d0ef5396a2
56,55,190,1,SPARSE_TEXT_WITH_IMAGE,pymupdf_text,47ff013b744758884a3a607f7af22e6a5b62c765a52e6b9b0b3cf861c5d3d78f
57,56,66,1,IMAGE_DOMINANT,pymupdf_text,eeebb9ca9dc88a519c52629c92ac371c4e796cb0aa6ecbff9897c8f72918817d
58,57,637,1,TEXT_AVAILABLE,pymupdf_text,ed6bc339002e9cc6daa59fd615c50f7e38005e0b732f7ac0909521307791cf84
59,58,1088,0,TEXT_AVAILABLE,pymupdf_text,12fa7cecb88e89b7c69281829ab45bb68f5b91f8ec25237e8f95701c81d9612c
60,59,975,0,TEXT_AVAILABLE,pymupdf_text,a138e25748f68da5b37fe0b2287cef30d8a7d79cb7013c8574d8532efc9ec805
61,60,939,0,TEXT_AVAILABLE,pymupdf_text,8973ce44f17ebdb52dc648a722071f655e1dd111a5a67fad41b41c2d0eccaba7
62,61,904,0,TEXT_AVAILABLE,pymupdf_text,1edeb38860f641022677088d55e9a6dc959da6b68d512706c2bf377ff758b208
63,62,979,0,TEXT_AVAILABLE,pymupdf_text,28ea329db8700dbd9b51cd33975535565bb16bddcff7bb806af09262e6bc76f8
64,63,941,0,TEXT_AVAILABLE,pymupdf_text,c0e20c454eb38564fb526fe148f7f90d5766469bc1a6c9485d08034f74af8354
65,64,922,0,TEXT_AVAILABLE,pymupdf_text,eb43b9afc23921ae06f7577ef3424175a7ebd6215870ac5d7b738332e9b3ffd2
66,65,1213,0,TEXT_AVAILABLE,pymupdf_text,50f73afcf2c13830925d7fe488656c7cd7b73bbd873bf3d06b26df2283b65cf2
67,66,1360,0,TEXT_AVAILABLE,pymupdf_text,34601a9df4e7c51f15d588397325a32745be1e4da541404ce7ea2e089e1730eb
68,67,1253,0,TEXT_AVAILABLE,pymupdf_text,a616f538759bef519dc4e992ebd76da56aa3434bb227a64349c4efe89ae79e4d
69,68,892,0,TEXT_AVAILABLE,pymupdf_text,a4b15d2ee6fb62d0fcafcb0f3f170d1d90fe0398dbd0b6cb0501e9132be12066
70,69,914,0,TEXT_AVAILABLE,pymupdf_text,17939419628a9cc63e5a19e4b2062b6be8637a5b9f2ae008256ba4cb20d06fc7
71,70,890,0,TEXT_AVAILABLE,pymupdf_text,08710740f8a7b99de865afdedacc7ed34e890e9e727438331ba8aeef3421ea6b
72,71,958,0,TEXT_AVAILABLE,pymupdf_text,aff437c278c2200ef3cd29ce706aff3c4bd7e3fc24ec784674aff508a4cbbfe9
73,72,97,1,SPARSE_TEXT_WITH_IMAGE,pymupdf_text,fe9562f2a024e9938533efbd55fe4c4d2b90354e36fe5ad55565a6e0ae694a88
74,73,466,1,TEXT_AVAILABLE,pymupdf_text,ba6bb4aa998d9900d5aeac966566eab82fb8dec634590d7e73b1831af0a84f86
75,74,1025,0,TEXT_AVAILABLE,pymupdf_text,a3f025e3a040adedfbdc7c64721104f170d7542dd3182b7e2aca46d8c2067234
76,75,927,0,TEXT_AVAILABLE,pymupdf_text,f5829febd5d4b8112f0602ca8f8d6d7f5784617f70cd462c6b929b1dc8322bab
77,76,857,0,TEXT_AVAILABLE,pymupdf_text,e094960ced3f3bc33989cece7f7d557f2b9a7c616b6301c218f71f21d0625044
78,77,1113,0,TEXT_AVAILABLE,pymupdf_text,66b2ab2cc5f8ae30e2b1a730e7a30440be1066eba313a36919edbc47cfa908dc
79,78,1202,0,TEXT_AVAILABLE,pymupdf_text,420c54573d92b943b46218ed60f602870f17643c5d7c3f87aefd28d9674134dc
80,79,919,0,TEXT_AVAILABLE,pymupdf_text,1a7eb45a27c1aa58d53f8061be16900e46f3162704b58e25940eee01ca774a08
81,80,957,0,TEXT_AVAILABLE,pymupdf_text,194898b12354712102b14ddb140094fe0d5aa5c9c8dbda869431971d91daa5b5
82,81,977,0,TEXT_AVAILABLE,pymupdf_text,a45da688ed89b7452cc9079b1448286cf6a0a73366ad8210539996f76d86f9c8
83,82,929,0,TEXT_AVAILABLE,pymupdf_text,322e87d386aa4f675afafc57e60367cb35253e161859484e24ca5044b402f042
84,83,1056,0,TEXT_AVAILABLE,pymupdf_text,018f65f552edc8d5627e0be55414a4243b2d2b20fd0333cc0b027c1e96c98f45
85,84,962,0,TEXT_AVAILABLE,pymupdf_text,ec48dc1b42f8f9f61819791fb46c83740092c5a1b91fccbc68ce70fd18bbe937
86,85,835,0,TEXT_AVAILABLE,pymupdf_text,640466931fd08bc84a88147ff2f031f71ae5bd291c867fd67dc5d4bde46f9a71
87,86,1029,0,TEXT_AVAILABLE,pymupdf_text,fc1768e7d2ae3a119b2c1bf922c7d366178048c0686528e5242364922b1f7956
88,87,863,0,TEXT_AVAILABLE,pymupdf_text,654a18a42021baaaf286c18e677ea1410ccd307e5872202a39d1fd888be2157a
89,88,979,0,TEXT_AVAILABLE,pymupdf_text,28f8e8c16cc56917fcc32a4b32e34f9765bfb323f777287f38ab3180665ca1d8
90,89,1150,0,TEXT_AVAILABLE,pymupdf_text,3febacb89e74b7c7a19a04e5864d065dbbb284d5649badab1aa6d6d63e72b090
91,90,898,0,TEXT_AVAILABLE,pymupdf_text,5d0027febb4b99e2a00d49052291e3abcbe64352a8e02e1a1a4f650c35d33067
92,91,1400,0,TEXT_AVAILABLE,pymupdf_text,f5eccf1c5f231e11802a4bec19b3dc2555d3d6b9c2d58236bbd4c44334e3a787
93,92,972,0,TEXT_AVAILABLE,pymupdf_text,e93cf6966a4adf5e9c1d0c9c848fec55645b7934d7e27d3e7c721f402e8e3221
94,93,833,0,TEXT_AVAILABLE,pymupdf_text,a92f4e182216843dba2e9880338baeed19c0039cac68414440bceab161d85e13
95,94,1149,0,TEXT_AVAILABLE,pymupdf_text,fac552b4237764ad043e971e033de9f7540af83a50de5e450e7037f88deb5ed5
96,95,1480,0,TEXT_AVAILABLE,pymupdf_text,ca7ddc1395b321a94651dc2d3466fd37c0dfa94792003109831d20b64becaed8
97,96,1493,0,TEXT_AVAILABLE,pymupdf_text,21be669cd247654ad5dd5ffaef903daea5a052a66703b869d591d47d87d2d0e3
98,97,1081,0,TEXT_AVAILABLE,pymupdf_text,847aa697c187fe28ebe003d91a022243a722c262b7c2c52a6d50e71752b92760
99,98,1036,0,TEXT_AVAILABLE,pymupdf_text,0cdbc295d850831901ed60e37c004c35a632bb31047c952f984b1e881011f12d
100,99,1052,0,TEXT_AVAILABLE,pymupdf_text,fb4961517cc3f3723572ff6b53b5f902c1f693e074d38401bcb01a6a9b320a7f
101,100,1208,0,TEXT_AVAILABLE,pymupdf_text,a2efdda26cc9443a8d7020cc73f9729c7763cdd0557a8da518ae23d266b1a524
102,101,979,0,TEXT_AVAILABLE,pymupdf_text,8712322a984e457dc222a8c8c0fef9d9ec80d30653701b81858b66bbd9a4d99a
103,102,889,0,TEXT_AVAILABLE,pymupdf_text,2915fac92740694365cbc058b755be0166d9e17b84b7b834d2345a7f05c14a14
104,103,1173,0,TEXT_AVAILABLE,pymupdf_text,2fbd5a7ff74de5ae7d14b596be31dd671688cd77776d8ebe23c0316a48936e4d
105,104,893,0,TEXT_AVAILABLE,pymupdf_text,644e75984f28bbc96f219ca9f7f31fe03f130ee0d7c487ab920e2d73de0e2718
106,105,941,0,TEXT_AVAILABLE,pymupdf_text,115e65e85b2c0d679407de592315a3c0d954bf8602ede42717a5dd61b735bc72
107,106,946,0,TEXT_AVAILABLE,pymupdf_text,28f77f1e354949af643ffceec256c626005876185b501f9871be7a08eb7507d0
108,107,932,0,TEXT_AVAILABLE,pymupdf_text,dc7feec673f6ea53ba3d4cb8dba98c3a9db41f1c18bfb347a71b3a535d33fa73
109,108,811,0,TEXT_AVAILABLE,pymupdf_text,4bdae69cc245893f5fcb3f9eb3108d4174f298531135b6408d18b37ece879bb7
110,109,802,0,TEXT_AVAILABLE,pymupdf_text,23c01518332947e6ed3d6d1ec50e8808d3dc32a4a7b0856762c86941df09dda3
111,110,729,0,TEXT_AVAILABLE,pymupdf_text,7b9e1472bb6990a2a38385c333f5b43dc694bbb8a1fcdf55993dd3dec6082d08
112,111,879,0,TEXT_AVAILABLE,pymupdf_text,27c3bfaaabf157eb6e9729e7f34558fd22cff55745c064891a5a2bb22a08d748
113,112,1526,0,TEXT_AVAILABLE,pymupdf_text,c39ca39b0c1122c48812d4d0c789f50af5dc020f85802451cb5599a38e3a687e
114,113,1087,0,TEXT_AVAILABLE,pymupdf_text,c77f09b08269a4df6488bce7bde2d953e603c8c11cf1bd22550a00c681db46f9
115,114,1000,0,TEXT_AVAILABLE,pymupdf_text,554e97675512b5fbc1b2ca5417c64303905b8c9bdccf7c26eafac65aaef53808
116,115,960,0,TEXT_AVAILABLE,pymupdf_text,18ab01704b6e2dd5eba3692717ff629ea9896ac2319da277da6c217bb215e1e7
117,116,1081,0,TEXT_AVAILABLE,pymupdf_text,6ff688c3c28ec7990d94585ebebbb0a286d449c43e50e7d1e7a97b1d94e30c59
118,117,925,0,TEXT_AVAILABLE,pymupdf_text,637bd9de0ddab4e8b2d1d02d84f175688c654491bc732c6e6c969bd0bd4d1785
119,118,883,0,TEXT_AVAILABLE,pymupdf_text,a3a4afa9224470ebd6c3ddd84c9ff54bedd2d1768b4377bd36867214affc5bff
120,119,817,0,TEXT_AVAILABLE,pymupdf_text,e42c2eac2a1cc766d51a73b671aa521be1dd57ea0f314c13cf3484a2cadddd61
121,120,585,0,TEXT_AVAILABLE,pymupdf_text,25b07423837af2865eaa18cb00e7096184f6e1a8c2ae158a5717239d304c320c
122,121,853,0,TEXT_AVAILABLE,pymupdf_text,78bf347f3a35392e8b3c751ad86c82ade493ed7001838bea41add12c98650bb0
123,122,985,0,TEXT_AVAILABLE,pymupdf_text,da5150078754d4f70c2726ede5b6e93d574db9c7f4f6a81bd01b4dfe69bf5e84
124,123,1124,0,TEXT_AVAILABLE,pymupdf_text,c08d1959e78ddd1bbd9b96c8c8dce2e3ea3588dac633a9024e4858818174c2ea
125,124,901,0,TEXT_AVAILABLE,pymupdf_text,4abba4ae38fdc56098955fc09cd44bd1972eebb31a42d0c612a6ef9d594d4869
126,125,618,0,TEXT_AVAILABLE,pymupdf_text,263b5c0e512cce9e5775cf179e55b5a83337f99d22b7e5d5fd0ce694fe574e16
127,126,661,1,TEXT_AVAILABLE,pymupdf_text,b0ae86f0a0493420cd94752f26d964827516e746c9384dccc3311549391197ba
128,127,710,1,TEXT_AVAILABLE,pymupdf_text,8b2cf9233181d6a91a252978c628c6a637a4b117abbb2caceef4deac975fe414
129,128,1003,0,TEXT_AVAILABLE,pymupdf_text,05753dcac51e5e94c4a65ab1ce66f58498b3cb9786f3122fcb726c5c4bddfd55
130,129,604,5,TEXT_AVAILABLE,pymupdf_text,efb973a325522a590722cac30692bf5404d019a2b89ae98df02e50e0ebed0f9a
131,130,868,7,TEXT_AVAILABLE,pymupdf_text,8a282d8e4f762ba815a9fcfed193d9f7857c6d302cc877c39e0cc050d3842d9e
132,131,628,1,TEXT_AVAILABLE,pymupdf_text,69b8593b9f7d7a0dcd3c2121c2eff7fcadfabe97b0ce91a008c534139929af4c
133,132,851,0,TEXT_AVAILABLE,pymupdf_text,b1dae2ecc45a79c9c27bbaceb0d8da9d639f06632a047d18f6579876a030daef
134,133,523,1,TEXT_AVAILABLE,pymupdf_text,45288e85291eb22f96a0fadf55911f397b0ce466df1951e55d89faa14beafd84
135,134,1039,0,TEXT_AVAILABLE,pymupdf_text,cc567afc8c2bf3ba3f7389708e78be41ee717ecc4c1bfd22847c60885324a763
136,135,825,0,TEXT_AVAILABLE,pymupdf_text,6e0faa6ce5f6620b3e7f976beb7e8d62470d841d379908ea4ee9b06e376ccfb6
137,136,1074,0,TEXT_AVAILABLE,pymupdf_text,c5fbdda9a574a9f4dc4e7a0ec1bd35afcabe8f19d28a2207531929e0a7c5fa74
138,137,483,1,TEXT_AVAILABLE,pymupdf_text,34206533b3b023ea702a184beb3a74d900abad8e01876e3d80f79b15fb7c1725
139,138,858,0,TEXT_AVAILABLE,pymupdf_text,bfd568f42bfc2d35808477566d0ff604c4694de5040f82fbc29834d3706e3687
140,139,1020,0,TEXT_AVAILABLE,pymupdf_text,f634f6692676938e8748a6169cd79bb72051aa5932874b6e447ebcd60fdb41ee
141,140,879,0,TEXT_AVAILABLE,pymupdf_text,6d908ecfde7e0579b4b491146e83b25fb12072aff78f5880e0e158a4341636cf
142,141,94,1,SPARSE_TEXT_WITH_IMAGE,pymupdf_text,3710c389033b8f55e56257f03405e3ed62026cced3da6c51abf21aa246c7afe6
143,142,457,2,TEXT_AVAILABLE,pymupdf_text,42c7d1ffee8066165bb32b79ec2f67ac8bf11762d7f4fd5a4de24c8caa60eac2
144,143,680,1,TEXT_AVAILABLE,pymupdf_text,abf9ceec9139470102eea3ac3c16a4baab20bb6e8da3d1264f37d7d17937e25c
145,144,1270,0,TEXT_AVAILABLE,pymupdf_text,a9344cc33002586072c01226728a8673f3e88037d4b3ed402f1be90823e18dc6
146,145,930,0,TEXT_AVAILABLE,pymupdf_text,67e80f59b8561a0f7fb8fc88421f085c519f9fa1f77a233ae217add8f7f44b64
147,146,938,0,TEXT_AVAILABLE,pymupdf_text,4578b351cb336f7d2da8a9db207dfbb6346eedc3ddfdf7dcdbff77db70a5660c
148,147,1055,0,TEXT_AVAILABLE,pymupdf_text,7615464b707064276a5bdef673cda7ee99256f578499da344e82a7091d0241fe
149,148,1129,0,TEXT_AVAILABLE,pymupdf_text,1b0a1f967981c433c7e35edb0bd45eab89163286ada7fa344b8dfe43ac140272
150,149,680,0,TEXT_AVAILABLE,pymupdf_text,8abd8109d57bac9c4c2b4dad3d79b8fe8647aa9e6b6ab8b2c21bc9d74156b37d
151,150,733,1,TEXT_AVAILABLE,pymupdf_text,70f67b3d1074dd6f1d388a0c2df00547e788c98735dcaf9115f0e4031fbe76e7
152,151,1143,0,TEXT_AVAILABLE,pymupdf_text,57cdc4d23d37dd1d852485774383f150f8475822ee5cc9ec97ffc59ba0a5e73a
153,152,537,1,TEXT_AVAILABLE,pymupdf_text,1f189db9e50c9e8a7e3c36a224c0e9e546c7e8125b640c328e670089711a5dd3
154,153,427,1,TEXT_AVAILABLE,pymupdf_text,c1efd44dbcce2fe78075dc905dc14d80ec28dbe4f9130bbdde881f297938c472
155,154,969,0,TEXT_AVAILABLE,pymupdf_text,fcd6c30d015cfefbcc579b29899eef1bc9642ff8f986de28a61cbeac86c07ff2
156,155,755,1,TEXT_AVAILABLE,pymupdf_text,6c26ebfb17ec26d98f457d61d81ce0086dc5100677319e226d9725eddd44add0
157,156,745,2,TEXT_AVAILABLE,pymupdf_text,d2bfdd6d3b92dee10529b3123fb17c38b537b4cfbcb08e177e6c030dc28583d6
158,157,802,1,TEXT_AVAILABLE,pymupdf_text,43544924c85db74b3382138d5545a6e26859ad42db00df4ea3c892a94e902f14
159,158,994,0,TEXT_AVAILABLE,pymupdf_text,c380cd66b6a9deeee2d3b8a1f8383e01fcf7c8fb8f70db50421f4876d306e564
160,159,1449,0,TEXT_AVAILABLE,pymupdf_text,503bb0f1c53e72f50f3ec2278f1e93ed14d88c1afced4dd9374ff14517faff7e
161,160,817,0,TEXT_AVAILABLE,pymupdf_text,9ea3b3425817bb2640f452faf26f0bc6210429d81c0bcba11967dee06ccf7990
162,161,370,1,TEXT_AVAILABLE,pymupdf_text,19ffe6b47da4ef0b2fc54caea49d38d24b9b217512115371a57228cae674707e
163,162,837,1,TEXT_AVAILABLE,pymupdf_text,a4047ba05f86b322c5988f166eafaed3acf5cd6a5a01d1083633fdfd9f9e4531
164,163,1174,0,TEXT_AVAILABLE,pymupdf_text,2f197b99911f09542dfafc83ab586b915a9f6e8930a413f2dd8bfa9f7f0a30f0
165,164,897,0,TEXT_AVAILABLE,pymupdf_text,e4b1c9826c39909c3e820cbedf1a9ba556d3d015e0b04e83b5824efecdcb8459
166,165,660,1,TEXT_AVAILABLE,pymupdf_text,21ecd78c2be0b92e3a4be0af5a547ca3090d541e2356d3af536bd1b6b3d739b9
167,166,774,0,TEXT_AVAILABLE,pymupdf_text,5c4f9da4ac2e53acc2f2e7a392b70ce522248d46e7f6d8146ff0d6e6745b0e8f
168,167,659,1,TEXT_AVAILABLE,pymupdf_text,1f099f417003365dd59e1e8b6108c17296b22c45b215e1be2b5d6f015282324c
169,168,1185,0,TEXT_AVAILABLE,pymupdf_text,50cd755aa9a3ce2526052f9eff70962d2e6e5bd1534fd14bdf0e8962a080e6b7
170,169,971,0,TEXT_AVAILABLE,pymupdf_text,fd83bffc26e93ad2e7583ff7744fd7cc05c3113b056f87db56da33863fdcaa28
171,170,876,0,TEXT_AVAILABLE,pymupdf_text,652bb22e08cb5fdc8b5b93b1aafc636930a34a2614188eda6fc5d174901d3ce7
172,171,521,0,TEXT_AVAILABLE,pymupdf_text,f8c9f54a395e76ad3713e46dc694c7c782f6a746057340623e54cf56e7cb758f
173,172,1001,1,TEXT_AVAILABLE,pymupdf_text,15951a116d5a4ae3e8e752bebbc3fc9990c70732828df6297bf2c07116f9dbb2
174,173,800,0,TEXT_AVAILABLE,pymupdf_text,3fc56801e82157fe3953a2b5e575de815e7b8b8f0ea0a980d9c08b95f08cd499
175,174,1220,0,TEXT_AVAILABLE,pymupdf_text,6f682920c4f917a4a8ac91868f943b4d831581ee649ea3f4c4d30a535b05c4f1
176,175,1060,0,TEXT_AVAILABLE,pymupdf_text,2e75ca8a92800b738dacade1ad28e34c4c21af6fdab4d9b43e804a3c1e201056
177,176,883,0,TEXT_AVAILABLE,pymupdf_text,dd8a046c2d113d4224339ceaa034373940b9dc7c2a31e636cfc9646e1fb7c4fe
178,177,916,0,TEXT_AVAILABLE,pymupdf_text,32594f32155c22958a26f368ab25837a85e4408e529f536887f333c76e262893
179,178,967,0,TEXT_AVAILABLE,pymupdf_text,e4fd5a44900b3cdd7437d875804d4b11f5b9573c93b0e7e291cf852ade592de9
180,179,1043,0,TEXT_AVAILABLE,pymupdf_text,600bb904effaedcb68c21ca3f544ef91c6ab67b3c40810032c4ccafc791352ce
181,180,922,0,TEXT_AVAILABLE,pymupdf_text,b640d05bfc43483c1ee95c744595584cd87982ac6c1f4648c12379e31659edb0
182,181,1016,0,TEXT_AVAILABLE,pymupdf_text,e4827458a8032f017aae4f8df152e9047deae897367110361ce1cc9cb2a2c765
183,182,789,0,TEXT_AVAILABLE,pymupdf_text,dc34a9621173fede314a9cae78396438c4ac16136d30c086053927b722742e79
184,183,1339,0,TEXT_AVAILABLE,pymupdf_text,878a556127a936c253c05046c0a887341df84746b36df77f2a45f512386f3753
185,184,1048,0,TEXT_AVAILABLE,pymupdf_text,65599d6bdcd1ced45cce398b0304c051b3e6820e3970335b0ba55e7a18a97a06
186,185,1102,0,TEXT_AVAILABLE,pymupdf_text,b6c66af662da1338e07db9930813c7a084ccf22b2694429c74b866d82df45e47
187,186,1017,0,TEXT_AVAILABLE,pymupdf_text,ca4ba6647148b7447db0007bcbf04309ce6bcfe861d705a9243a08346c2c3ead
188,187,1155,0,TEXT_AVAILABLE,pymupdf_text,61a5c57f8549da94e739f377fd2d45aa1f6d1a754e006103e120e1f53a9ef678
189,188,965,0,TEXT_AVAILABLE,pymupdf_text,6a7fd8e31f1f37149daa91917d3c20cf8c7eff746f5cc883acf0e546ca539a02
190,189,966,0,TEXT_AVAILABLE,pymupdf_text,a499ef2d4b06413296bad142023df6218f04d93f766992bbbb81a4824e95303a
191,190,999,0,TEXT_AVAILABLE,pymupdf_text,40d455e323fadcd9a14196d1c4aff7d9464d5fd6efa1389cf80eb74fb42c1a81
192,191,1194,8,TEXT_AVAILABLE,pymupdf_text,761f805561811f97994a8c6fe1b4e96d140c72c60102a24f73dd8f57225ac4c5
193,192,1096,0,TEXT_AVAILABLE,pymupdf_text,cc953dc06eaf8daafa6d08dfdebb600c1967026c524d400cfe3cc5ff05dc14d2
194,193,1235,0,TEXT_AVAILABLE,pymupdf_text,8bece9589d008d32dd6d4707bbc8658d3d4334224cb01e23304bb1dd258c92ed
195,194,1389,0,TEXT_AVAILABLE,pymupdf_text,486218987f9444a301dedcfd8125153b02a8fb442fb542c43214d5298114c27c
196,195,1024,0,TEXT_AVAILABLE,pymupdf_text,c8bb42553c68497138315c0fab7021a5c0eeaa0ec9e8646dfcd264db79efc42b
197,196,1028,7,TEXT_AVAILABLE,pymupdf_text,ab2995496895808be041432740e253a27593a165fce422a52fcc7f970fd08448
198,197,1122,16,TEXT_AVAILABLE,pymupdf_text,9473900be0ddf974a175f5160422b7287c5b70d12bdfb16a1dd29f809afc5930
199,198,1007,13,TEXT_AVAILABLE,pymupdf_text,9d652500b1fd79b6bc82f9c491d218c0df8eff295cb759ee983d4a045726b51a
200,199,1149,11,TEXT_AVAILABLE,pymupdf_text,dad23b075fe8d27c6df8fa2f708fc182391cfb729579e1858ae19921a86e0060
201,200,1618,6,TEXT_AVAILABLE,pymupdf_text,1d007a32969013bcc644335d905ac68a49e66cbd75ccfca5d3187154fb69466f
202,201,1943,0,TEXT_AVAILABLE,pymupdf_text,238237f2afc5be2c019839f3260ddb7cccbf402049cef045de5357f7d6334917
203,202,2330,0,TEXT_AVAILABLE,pymupdf_text,bd22d5193ce9fa21a3e4691c6c9e6c67520f98bf7bf07b0bb423cab3a95230b1
204,203,2060,0,TEXT_AVAILABLE,pymupdf_text,7748a408a694a4a326f022db2fa73b37a010d84818443ee91a201751168daa03
205,204,2068,0,TEXT_AVAILABLE,pymupdf_text,e21e3d52a0a1389be4c81802baf33622a076ea38000052b634b58b11154c1df2
206,205,2090,0,TEXT_AVAILABLE,pymupdf_text,bbc00708b9ea5289ae433dab477ea31e0e8119f47972c0de6b3dc9f47b8804c6
207,206,2040,0,TEXT_AVAILABLE,pymupdf_text,e299a988b3805be3fde7d9f9f0bd377906332fafacac949d5fe5c79efe942b75
208,207,2057,0,TEXT_AVAILABLE,pymupdf_text,954fc297cdac74ffbd2e5f3b988ee1516bb639f08133c9596214388cfdf4f831
209,208,2166,0,TEXT_AVAILABLE,pymupdf_text,3df0273d8b6d91eba6babbb6bb6f7ce2fc6f56e9d98fe8830cfc32862b29469a
210,209,1996,0,TEXT_AVAILABLE,pymupdf_text,ff1c14c63477108e9f696af69cb502e498a7d602bf1c7311a7d66d7300489d73
211,210,1939,0,TEXT_AVAILABLE,pymupdf_text,0af0a90d73a4db6299e6ec62e409d31a672a66a98ed2f1d8005270816fc7f155
212,211,1932,0,TEXT_AVAILABLE,pymupdf_text,657023dd431aee0d43b09674de067e366527c75452f3832a7d9c29b69648dbab
213,212,1442,0,TEXT_AVAILABLE,pymupdf_text,28a5b94c431b3ceabeb4c85904b4ebc61663354f5c39651ac89f5bdc163879df
214,213,1376,0,TEXT_AVAILABLE,pymupdf_text,a18bd41184a624d7cc0f636730e7cc2627e34b4b3b594ec375913176a5955859
215,214,1444,0,TEXT_AVAILABLE,pymupdf_text,dc2121b5eed217e333f3f181a04ab326def8a83343819014df31432872e252da
216,215,1760,0,TEXT_AVAILABLE,pymupdf_text,71d334c71ae0a6b5555de182ffd8ced71aeeb4e05d4fcc57840d9a5d3f702874
217,216,1429,0,TEXT_AVAILABLE,pymupdf_text,7b2d7034d4b976a886b6375be064a2af3a144548fa5c1a6f64df5453fda907da
218,217,1142,0,TEXT_AVAILABLE,pymupdf_text,451e7a84a4524ba40805c27920a317d8a80e25731fdace902fa59fda0e496c71
219,218,1533,0,TEXT_AVAILABLE,pymupdf_text,31f7e119441737aeccfbb45c410700b71a9ab4fdd7b504ba2c90ffbc4268070c
220,219,950,0,TEXT_AVAILABLE,pymupdf_text,62305c96c0e6feb01e36afc84f08bb2c39c520bdf52f79a233a91ddcb968193d
221,220,816,0,TEXT_AVAILABLE,pymupdf_text,b1deceec814bbb8f2ccb9070be1c719a79e32c82f5056c9fee12616f45ccda74
222,221,494,0,TEXT_AVAILABLE,pymupdf_text,159b8060cbb3d92575f7eef468aaba1e4c9c55bd846eb1c5e75e991dfaf01480
223,222,1287,0,TEXT_AVAILABLE,pymupdf_text,787e642b6579916b389284bdc774190260ad9b867c38a05b248c97a0ca26a5ba
224,223,1510,0,TEXT_AVAILABLE,pymupdf_text,305e98a3b4154d2b11f4fdbdf2e599ca2281e4570d330534f20994284df83528
225,224,1406,0,TEXT_AVAILABLE,pymupdf_text,8e16e921d259be0f3351a0fab99446697967785285599f6cc7830c1527078c53
226,225,1030,0,TEXT_AVAILABLE,pymupdf_text,d59a1d3cbb4b836909051b18739cc303b7fead92caf117c2379d9bc77dcc3e56
227,226,1141,0,TEXT_AVAILABLE,pymupdf_text,85fc370ff7909d1713b56b585edd8b4715112b98a8cb14ca259e21a7c09ca3fc
228,227,1088,0,TEXT_AVAILABLE,pymupdf_text,c9c4d39b3049c2dd61c9930eb2e7673a48ac6ac7d46705a4f2734e1a78bdc55b
229,228,1083,0,TEXT_AVAILABLE,pymupdf_text,b067fac6291107d7eefe479f32d50790ac1162e46c156d0ad22e607a86a0e01a
230,229,775,0,TEXT_AVAILABLE,pymupdf_text,1de440bdd5746be374a5e48ba9dffc10d903217f9789e39f3ea7ace1acf50eb2
231,230,793,0,TEXT_AVAILABLE,pymupdf_text,3f28a8337f1fc46a3c901416114534e9ae5818d74a710110d0f9832b79231d7e
232,231,885,0,TEXT_AVAILABLE,pymupdf_text,68594d2d4eb94d8ff741be155abda5ab12a64229b94a409382dcb8ea05ef3197
233,232,637,0,TEXT_AVAILABLE,pymupdf_text,54662fbe2b70ffb390665642fa64119ee5984753afba06041a884a54cec7de74
234,233,948,0,TEXT_AVAILABLE,pymupdf_text,df87f61c2f48e899c798b41d18628f1ed986ae2f3c2795c9ab737b08f800768a
235,234,841,0,TEXT_AVAILABLE,pymupdf_text,81ef1f1e73916fe8183366241becd438dcc4b3aeb3ab0b1992250a9eebc7d37f
236,235,712,0,TEXT_AVAILABLE,pymupdf_text,a6c35cdfe683aaec21395dc03e9c866ac369d26f8b33a1175c5da093ae7638f1
237,236,714,0,TEXT_AVAILABLE,pymupdf_text,2224b87cc8892908e2bcbf1b26e4dddca7576ecf12593bca25de4491466429b5
238,237,873,0,TEXT_AVAILABLE,pymupdf_text,05d293525742fab370db276cced43d7ac4642fa23a4801e9871126584c11d61e
239,238,950,0,TEXT_AVAILABLE,pymupdf_text,9ed94c97080972d10c4dd8b0c387fd5c5d9918e12fb99554f97815ccf5c3d3c0
240,239,865,0,TEXT_AVAILABLE,pymupdf_text,1490ec4fed7ddc9d9e52fd4b6ed49f779f2d8975e0c7c5db92822b9b1de2acc5
241,240,816,0,TEXT_AVAILABLE,pymupdf_text,bee8453e48ed281c8bd668bb91e2d2a9c3dba1a8a2c88e630ad12cdfd90f0ece
242,241,900,0,TEXT_AVAILABLE,pymupdf_text,3549563b8f4b75b0c1f03df77fa3739d4cb948553a912d71d099535fb0c37156
243,242,812,0,TEXT_AVAILABLE,pymupdf_text,1d834a017231a9dd4a9ca6445a4e536a7f8d1644e8fda07237895f54175a8318
244,243,894,0,TEXT_AVAILABLE,pymupdf_text,1e2ca6d455e7db9b7f04454cf82d7991b47f8917158150749ae7112b53f3aca8
245,244,839,0,TEXT_AVAILABLE,pymupdf_text,bcd2f150b10d7e9b7d906c52979000f260a4fe17ba30b6fb9b4e607b93a141ef
246,245,885,0,TEXT_AVAILABLE,pymupdf_text,d553857111d6f803a7545cf3c86f912bc1a844a9f8a4c3b3be0e6df2f4e6c08e
247,246,891,0,TEXT_AVAILABLE,pymupdf_text,e458b3d2f72a760356dd552a8efb8bfc5b9063fcdeaf5238d4c2b7fb2792a34c
248,247,698,0,TEXT_AVAILABLE,pymupdf_text,1d988d8f194d6b585cfd7e19e9741c31732ba1425db2bae0f79e63859fbeea2e
249,248,765,0,TEXT_AVAILABLE,pymupdf_text,640d936a66beb84cb587194ea6c605af67f37aedc3d2d1d7e550c8706f87da4a
250,249,845,0,TEXT_AVAILABLE,pymupdf_text,cd9c64c15e77b296acab9a546c7fa483315998fb55b0bec90c9cf0c59d7bfd92
251,250,778,0,TEXT_AVAILABLE,pymupdf_text,ca73a4ebcd2d0e5ae36f12dfa7861fc3986ea9fa03200bc6d2a205b069856587
252,251,752,0,TEXT_AVAILABLE,pymupdf_text,cd4203a07c2e080f23e81cd268c6ff99da878de37d242342bfad557216806d20
253,252,788,0,TEXT_AVAILABLE,pymupdf_text,e55f9feb02cb25ff8ed92758ac12c0e5714d70b9d51e12e4d27207570f2d0ffe
254,253,762,0,TEXT_AVAILABLE,pymupdf_text,a0a1432c358c4a6f7c881745954899706da775215feb6898b2d477fa19e0ff25
255,254,758,0,TEXT_AVAILABLE,pymupdf_text,283b30affca01a2a995f6a7f21d444292424bbe2f216337794fec3b760395470
256,255,713,0,TEXT_AVAILABLE,pymupdf_text,db5edfa7f1c512102f1b0cb1dd1c09b83d860f328504fc6018bdfb93d5c974d9
257,256,840,0,TEXT_AVAILABLE,pymupdf_text,3221e5d865755f12e4d9fd52863a59f2d4e912e1ac1d215d62f15939a8e449cd
258,257,811,0,TEXT_AVAILABLE,pymupdf_text,c034fe8dca07124d16c99f76c3981e53ad1fa58ec853702576ce5cfb9812cfb7
259,258,714,0,TEXT_AVAILABLE,pymupdf_text,c912ca8cf979b15d5885494702598658931a1636ef45941d5f7004b46497e9ae
260,259,788,0,TEXT_AVAILABLE,pymupdf_text,71cf4bdcdc80b5a0b10f53ebd245361d66868f3768b44681931c12c45d0fef79
261,260,802,0,TEXT_AVAILABLE,pymupdf_text,28e35abb7ee09dd43a3071db7d757b983756f1d3b37d558e4d15cb500fb58211
262,261,742,0,TEXT_AVAILABLE,pymupdf_text,04c14fb29ba5d7d32c47060966c4f63d58db64dac730cb62191bfe8fa09f0003
263,262,844,0,TEXT_AVAILABLE,pymupdf_text,9664d192cc34b26106c9ffb1eec6f67836ffd6a5e7bd960dc7ce2065da72d0b1
264,263,727,0,TEXT_AVAILABLE,pymupdf_text,087b3687b9a4c415433fa4d6a1f2529c4d8bf32a4bc2221920a3b50c469ebf11
265,264,721,0,TEXT_AVAILABLE,pymupdf_text,2662e487d47b1053ae252c52427350bf8df835c91508570d774493a76fe0e5fc
266,265,636,0,TEXT_AVAILABLE,pymupdf_text,6d8bc56df83be227a207b587561cfec332167a3e29740a005a737c536c3fef66
267,266,830,0,TEXT_AVAILABLE,pymupdf_text,4df2f45f4552e37614214a4dc7b447fae52bc53b003a94d68d7ce9ddc674b4d7
268,267,846,0,TEXT_AVAILABLE,pymupdf_text,9335c1e8003757536be2ff6f50492f39270bbe126ec293422dcf1b3288b3eece
269,268,804,0,TEXT_AVAILABLE,pymupdf_text,4cb854db3661741ebf246131b0063d656783ac525e9128fd8ad230bc9074456d
270,269,677,0,TEXT_AVAILABLE,pymupdf_text,1f2fe2fd89ddb32c4bad504241acacce7010226e47f0a3b6e3260d4c320dd341
271,270,789,0,TEXT_AVAILABLE,pymupdf_text,73193b7427e72d2e7f8210e98078a8de39e17e532904265a0aa32d9ae237ea39
272,271,835,0,TEXT_AVAILABLE,pymupdf_text,b87d0ce5d2858136003ffc4b81ef44b3e37e043cfcec62ca644641d4d9995a1c
273,272,858,0,TEXT_AVAILABLE,pymupdf_text,f08a8ccc0493dce2b7beaf197622f47ffeb18d9685ed6d2941521b0ffb8a6803
274,273,801,0,TEXT_AVAILABLE,pymupdf_text,e4fda8b0b9b7d3e95963538394217625356ed813db1ed8f947da9262fe98266b
275,274,711,0,TEXT_AVAILABLE,pymupdf_text,3d2cbb5fa41b1c0f5ee48f7e9cedca9ada8832bbb6f014f8a78d4d0518069503
276,275,796,0,TEXT_AVAILABLE,pymupdf_text,0f73fd9aed78da9d2e7a36c77a3f7d5e20a2a918d74fa305dd40a9d47a230429
277,276,757,0,TEXT_AVAILABLE,pymupdf_text,48b71ec90ffbc40402bc2634a1496bf2f696a02707a5398b597e6862c549e64c
278,277,820,0,TEXT_AVAILABLE,pymupdf_text,50fe10af18b117967a06004f17f601a61f5c9c1adddb9342d87590d20ed2184f
279,278,752,0,TEXT_AVAILABLE,pymupdf_text,47ba5bc6f18e5e37cb687cac78f32cc9bebb6588fc72c6fc6239e1e52ec8b1e8
280,279,886,0,TEXT_AVAILABLE,pymupdf_text,aedd7874736def522fc5674d36718bd0cf5fd5f6104aca836a60f5e6b6aa2a7e
281,280,1141,0,TEXT_AVAILABLE,pymupdf_text,6b6c47bc0f8d83a9c7dd4a098321b94a4be7ee446675ab6fb35f4e1a8ce6851c
282,281,1162,0,TEXT_AVAILABLE,pymupdf_text,491d911223a3b05291eefb88d5cd5cc6eea9ef0e9867d0055d69cb854e41ce7b
283,282,914,0,TEXT_AVAILABLE,pymupdf_text,139a57fb15684ee3d15c7b9ebe05a71154392b523cbc138368976c829d1903cd
284,283,1087,0,TEXT_AVAILABLE,pymupdf_text,f74d520415fcb98f3d8513290c946a48e0d6c49fca80a9a40a45573e3c738f24
285,284,1322,0,TEXT_AVAILABLE,pymupdf_text,802a43e55c7ceac405039f8d2c53950ff5c40a06789d23e16dd55bc0c917a583
286,285,850,0,TEXT_AVAILABLE,pymupdf_text,94e2d4c81be0f74d0f26ad81b74e9fce572f04882eca9f9e00b88d2ce5ea6cd0
287,286,749,0,TEXT_AVAILABLE,pymupdf_text,a24ccb403dc9b059f9280f5fbaacfd1cbe846aad3097668ca1643e7300bf2eca
288,287,1152,0,TEXT_AVAILABLE,pymupdf_text,19fbb56009dba510968e7421847155310535e80f45dc2b8d610ebfe7b6b7b7a6
289,288,983,0,TEXT_AVAILABLE,pymupdf_text,57e0d9d6aa075e283892b9e08ec95c1101e311640604b79902df2502774870ee
290,289,834,1,TEXT_AVAILABLE,pymupdf_text,85773dad723d0919806d5e39a1562473221d2221b2eb92f0e27fa0c0e95d7e8f
291,290,1270,0,TEXT_AVAILABLE,pymupdf_text,a1c57fe2fc9163a16316bb2dc8e875dfb84b53776a2626a6bbaa43bf7e68eced
292,291,1801,0,TEXT_AVAILABLE,pymupdf_text,46808fcd4274e6cd003306403c5f31248369a63877c8aa2980d94ea30aa873fd
293,292,1088,0,TEXT_AVAILABLE,pymupdf_text,926f22ca26ec6203ad23e459388b204ae4f9836ef310724dfadfe2f676a08403
294,293,1366,0,TEXT_AVAILABLE,pymupdf_text,ffb539591749d528f8af70ee86c03eebc1512a0137cc1b3eab60dce6cdfb727e
295,294,1502,0,TEXT_AVAILABLE,pymupdf_text,5185d2c7e0ee0c568b23c6a0ed5a644d0963b08eb0f1ffd35e8e2817836c88a7
296,295,1003,0,TEXT_AVAILABLE,pymupdf_text,0d0167a028b84f09bbfad6c30a4a5b3e7a8d83f7a44a996f87650e27e81eacec
297,296,1143,0,TEXT_AVAILABLE,pymupdf_text,a35769c26fa381d6d42934d83c10411a4fb5975e6c150b5f03b43afe215e0218
298,297,1267,0,TEXT_AVAILABLE,pymupdf_text,db1079550ccdda63ffc8a5278049a511a2324b5476efe7b0c46233bb0d13cd4c
299,298,1286,0,TEXT_AVAILABLE,pymupdf_text,bddd160d585918f9bacd1cc950a0adb4e7b5437752c99558fdf9876276f4df33
300,299,1286,0,TEXT_AVAILABLE,pymupdf_text,e320af5cb3a34f947017c945ee9e0ade1da744586611f9f92a94e89978c3d024
301,300,1357,0,TEXT_AVAILABLE,pymupdf_text,3a3b65a4826955f13b7a183d496d3d31d566cc9924683f8c1150b4bd82e5bd26
302,301,1360,0,TEXT_AVAILABLE,pymupdf_text,de1411decea61568fe4aab492761cbd3477b12b2a9a49440a6e0ccb2a70b9f93
303,302,1168,0,TEXT_AVAILABLE,pymupdf_text,2c227c2f725454948e930959385f90be25761b4f8174b6a6203cd0f6d10b3628
304,303,1145,0,TEXT_AVAILABLE,pymupdf_text,5cd65c7ab7aa37d0e7a4013b0742866a2c5a15d1ebeed2b1417d7fe72f9722fd
305,304,1063,0,TEXT_AVAILABLE,pymupdf_text,1398aa0be3347b3462983f5c3dcc857e71e357fcafe7f3786a394ed39a3bf37b
306,305,1254,0,TEXT_AVAILABLE,pymupdf_text,d01ef66d277a23ba51d8678de855acd8ea8e5f70a08c130c7b2d51cd150b365c
307,306,1075,0,TEXT_AVAILABLE,pymupdf_text,d06c183c31b85dd9a0567672c8258a90aeb7c2208199cf094252e86149d0a3c8
308,307,990,0,TEXT_AVAILABLE,pymupdf_text,584e86bb42edbeb59df8c5c2fd3384d85ec854d8072a17c7f84b3b45613420a1
309,308,913,0,TEXT_AVAILABLE,pymupdf_text,548b789d88c4619b53eaa7af6f5e44b159f51d6850e492c33acc48ede6087c0d
310,309,990,0,TEXT_AVAILABLE,pymupdf_text,09e52140f2d17eea62dd18fd3c83ae1df05c4f54dbd709127d2e9469d29f6318
311,310,1085,0,TEXT_AVAILABLE,pymupdf_text,170c36998258dfdcd0fa4aef53a43547902d999c1cf00f91d9923d2330cb2e81
312,311,817,0,TEXT_AVAILABLE,pymupdf_text,77e65527e092daa5afc86b34eaf48794bb493458e9a182321565d3a687da368f
313,312,890,0,TEXT_AVAILABLE,pymupdf_text,87cfd4d2c541a035f7303c67d7efd7dd06b9be4237a64513597ddc1519596a0e
314,313,959,0,TEXT_AVAILABLE,pymupdf_text,395d54df618c19c473c0f08b0e55c7ffe4d7cd20a1035824ca5a154000d59732
315,314,1060,0,TEXT_AVAILABLE,pymupdf_text,ac4cc8bf82396d017bacfb5ff08f68de9d3675e11e41e30199a2f0fc3438e059
316,315,1128,0,TEXT_AVAILABLE,pymupdf_text,72ff9eddf9362938af99daa515e8e37bd81e50c865225bcf2f9be1060d330acb
317,316,923,0,TEXT_AVAILABLE,pymupdf_text,63412514d8b55051f7640f7875e2884dc83e44a2ba0f52fe76f8ace540f87b3a
318,317,933,0,TEXT_AVAILABLE,pymupdf_text,6e4d93808e240175bd14e3240e7586f068475a7cbf1301414ede4b8ca9729eea
319,318,961,0,TEXT_AVAILABLE,pymupdf_text,7564fef02485cd478f5714d1ddc2c7cdb5a6b329d5e139505e78dcf7717ec49d
320,319,828,0,TEXT_AVAILABLE,pymupdf_text,a42da31e2ff47ea919a991f793d8d565a6edc02e6f599a76b7ef7ba34f7a0d21
321,320,903,0,TEXT_AVAILABLE,pymupdf_text,a373e290f03bdd8866d98dc937ad1f1471d85507e154552aa75550c12f1312db
322,321,976,0,TEXT_AVAILABLE,pymupdf_text,98983bd2d08fa04953a06b5c37ece382fb2e6fb09895713218bb4c8ca5690323
323,322,949,0,TEXT_AVAILABLE,pymupdf_text,db4328ea2841e5200689b4edf74d9373627bf9c14efa9b38404d3532cfbf2de1
324,323,1000,0,TEXT_AVAILABLE,pymupdf_text,a461099151159066c06702446d0837aa31a69a34c1e901dcc98d1fcf423103e5
325,324,903,0,TEXT_AVAILABLE,pymupdf_text,1cfd919a08ef9711478774cbcbd5b6f18cbd413616bffa41223366d54e4d4b76
326,325,1195,0,TEXT_AVAILABLE,pymupdf_text,40304c827a81dd1b3a2bd943627ddc688ee081476102c7241e336f398afd8934
327,326,1153,0,TEXT_AVAILABLE,pymupdf_text,4909dcf827866fa64815ec6cd8af2cddf99a3b725eeacfefd4068ec2c5921a40
328,327,1027,0,TEXT_AVAILABLE,pymupdf_text,486f4e35b1fe545594e53ace1ac0f45484d3ccc006b3b1894ba0bba2188e8d67
329,328,1220,0,TEXT_AVAILABLE,pymupdf_text,bef4cb2367d3ae26178e3138547ae7bd5f2da367eed24f7d3ee1cb0e8803a205
330,329,1056,0,TEXT_AVAILABLE,pymupdf_text,0b6d18723d18de3d6710d01ac207a245a16b383be2900777e2e67deace272758
331,330,1413,0,TEXT_AVAILABLE,pymupdf_text,2a51d6254c4a81c3adb725f8e6286bdabc62997f57f58ba1dc924aa55a9505e9
332,331,1380,0,TEXT_AVAILABLE,pymupdf_text,d9d104a814f4494a9bb0948a603a6e5836f4c793b98c2945493d7f7c3b67fbab
333,332,954,0,TEXT_AVAILABLE,pymupdf_text,ef6646a744d70e5c28193f734db363739cb4872e932e549e9afa474feb1b9541
334,333,1067,0,TEXT_AVAILABLE,pymupdf_text,81dd951f7c6f5552a78f8e4d502312b2efc63327852f4f9b6107927ee6df1284
335,334,1126,0,TEXT_AVAILABLE,pymupdf_text,a242085e171b7addcaa4593fdb65ccbbbee5b52749b5310e754c037eb86224d1
336,335,1085,0,TEXT_AVAILABLE,pymupdf_text,264b8c9818bcc3923947da7be558a60c7d3d4568ab67254a5473bf65843932d5
337,336,1151,0,TEXT_AVAILABLE,pymupdf_text,f50b9977df71de47309e9c94049e9f924a98a6de7296eb5ff17b02e2dd8b4505
338,337,1116,0,TEXT_AVAILABLE,pymupdf_text,7ae031961a02b905714c1cfca64ddefdf678aed4a3926aee89347c58b3fc0a5f
339,338,1228,0,TEXT_AVAILABLE,pymupdf_text,66d242134515218fa65ff949749abfd48843ebce927d69782c45c917943e77cc
340,339,1142,0,TEXT_AVAILABLE,pymupdf_text,ea5dce0716f5be68fbbbafba631068833bddeff99306bc7abdc80ab528776c96
341,340,879,0,TEXT_AVAILABLE,pymupdf_text,4198442cbe9c32690dca5c4efb594119d41b6c16ba3b48d1ec13a675056001e3
342,341,992,0,TEXT_AVAILABLE,pymupdf_text,2a228fb863aedd4907c7a6b388c3aa08f01549043c6fa64b7c2718f81a0fb652
343,342,865,0,TEXT_AVAILABLE,pymupdf_text,c14a650868789ac4f50ed609a1e74065aa83c0e67391d517e73ffc000c0ed3cf
344,343,1266,0,TEXT_AVAILABLE,pymupdf_text,79a115268d72f07cdea475589b957d2f1d50a0b8ec88d77aac9ca7fbbd37a9f0
345,344,1029,0,TEXT_AVAILABLE,pymupdf_text,8cca067d74081cec969906043927d87f6a465a1459de7978133a94175d6ef240
346,345,1054,0,TEXT_AVAILABLE,pymupdf_text,a6a36bdd578dc7a3f8e5bc20bbd13e904704af6528330da2155e55c05b922be9
347,346,946,0,TEXT_AVAILABLE,pymupdf_text,8e332683bf2149f51353d1886b2d40b7a428cc2d62d0a73bc41ac78d54fb0ba0
348,347,902,0,TEXT_AVAILABLE,pymupdf_text,53c9b0e1fcc44d3560855e23cbde1c41ce6f7df51b6267dc1f3ab61a8085e1d5
349,348,1052,0,TEXT_AVAILABLE,pymupdf_text,31df36b1e1cb9e64bfa3c61a0ee7b9f0dd0da45f01f58a0cfb79ed583ddf37fd
350,349,891,0,TEXT_AVAILABLE,pymupdf_text,b6b6ff6cbb735ebf213c487915ac2f259107822587fee41ea2825502282b5147
351,350,1043,0,TEXT_AVAILABLE,pymupdf_text,cc9815083b95e63385cc71df985604a22e3df36c96ed993da4ce92cb5b9645ca
352,351,1063,0,TEXT_AVAILABLE,pymupdf_text,491dd060288054b030ef8453da57f753f10b13fa98fdd13a887abd1fbbae93f5
353,352,1099,0,TEXT_AVAILABLE,pymupdf_text,6d53fd45900b00a21f0704f1fc174db675e7043f27be1c62d5f13c372698e5fa
354,353,1137,0,TEXT_AVAILABLE,pymupdf_text,9410a6ee6f90169ff7c2e2485ed8c2af29289e68ef28dd9974c3d890e6ede107
355,354,616,0,TEXT_AVAILABLE,pymupdf_text,3efdc17ffb174affc5105ce178d4b3b75eedeb168e3a9f41c1eb5b1bf3bd0ba4
356,355,797,0,TEXT_AVAILABLE,pymupdf_text,5dedb004291fc51cae0fc4d09327a19b0717fe027be87ddec0269a8aebd17f64
357,356,1144,0,TEXT_AVAILABLE,pymupdf_text,585356e50abf2b04351f80666c689f09c007c99b65afdde56a1bda867315c43c
358,357,1057,0,TEXT_AVAILABLE,pymupdf_text,4bed9d4ba22035e4466ce929ac9490cd0db92ae3f0168e420f0a8a90bdaa83d6
359,358,491,0,TEXT_AVAILABLE,pymupdf_text,5263f5dc3bc92652a6ed5b93cdf3074809efdc5145e71b5afb94b4639218cbf9
360,359,892,0,TEXT_AVAILABLE,pymupdf_text,c110eda6217cdf8277da3996f5b6f2621d90d2de955355b978f1974acc385379
361,360,1052,0,TEXT_AVAILABLE,pymupdf_text,16cd4caa3376e9f6038d3881a1414f8ba7c3ed020a33a0d041071190683cf126
362,361,850,0,TEXT_AVAILABLE,pymupdf_text,e1a06109b0616ed268b7c14539b6f4b52af0383fd2a888a95ea1a83f2befc1e5
363,362,1052,0,TEXT_AVAILABLE,pymupdf_text,9a64f51b636575ca533132bf13bd89d568047127a720cfcdf82906005e91b267
364,363,808,0,TEXT_AVAILABLE,pymupdf_text,8d9402a271717a6e84ff7785d9d3faaf0edb11effbfa42c7270265a481db8d00
365,364,971,0,TEXT_AVAILABLE,pymupdf_text,b78d71890123c90133012806ac234c2e931ddcddd6f8e2c401b626d5652e72cc
366,365,921,0,TEXT_AVAILABLE,pymupdf_text,f74fec990c3a4c50fed6cfaee1b5fb06c8de0c3969e8dc0e8b92ac7e4c55b82c
367,366,886,0,TEXT_AVAILABLE,pymupdf_text,8782e21f14e6c5d31d830cbf31f59688ee07899e6b3f78c163b8b61d3107e405
368,367,951,0,TEXT_AVAILABLE,pymupdf_text,94d019c39196c7f9d5b7a8ca6492cba6ceb5e1d1a5b2dfa616b8c3105db84891
369,368,852,0,TEXT_AVAILABLE,pymupdf_text,4e87128ff0f2b5cc4354c39322cf84b921a1a818394614d5cb7ddfd5b6e6c21d
370,369,924,0,TEXT_AVAILABLE,pymupdf_text,0a745d3e95add31bde67f1f0fba3954f777c0edd8f5204bf83b547c1d6f0910d
371,370,516,0,TEXT_AVAILABLE,pymupdf_text,badc1c94f6d0cefd707c5f9753b09476fa4f819c91474bb87eb60c23c2cf2bf7
372,371,897,0,TEXT_AVAILABLE,pymupdf_text,a9a69dea2ebc39343ce48ea87ebbd83e9283f126f4e58d0d0c5eea65f85f35d8
373,372,792,0,TEXT_AVAILABLE,pymupdf_text,c5382f861ba057ccc7cd154578986c355d3bb40a838c5a5c47ce3403544f753a
374,373,799,0,TEXT_AVAILABLE,pymupdf_text,29e7ec464a508a79f8561988b4135f3d55f500aaae23330e83602a052167f6f9
375,374,843,0,TEXT_AVAILABLE,pymupdf_text,8a4d6da985e503dd6327f4ec607ebe5751c95c107d6eca241b3346649b169f57
376,375,888,0,TEXT_AVAILABLE,pymupdf_text,4f4a2d435eeb45f2d987479793b52aad8763dc21b1a571609d8c0bc68b22d0e8
377,376,769,0,TEXT_AVAILABLE,pymupdf_text,364d810e5f0ff6755f53b58267c0c8a65d6ba6a222e4911c87ce99dfe0385f28
378,377,971,0,TEXT_AVAILABLE,pymupdf_text,b93cbf1e9e822f7b666c6097a354962a376925ce6ae4c6ba206f1fa3b54adc96
379,378,787,0,TEXT_AVAILABLE,pymupdf_text,754de93627c4754b03b0b08f3bcafc28cbef0336fcfda8004278ba7410c842eb
380,379,964,0,TEXT_AVAILABLE,pymupdf_text,ec766f16a515e475f44cdedd9c00aeae98cf8f0a3d5e69a593df05a2c7fc4b15
381,380,1261,0,TEXT_AVAILABLE,pymupdf_text,e7a95deead890abbaeb85185e572181ad46a0abd366d410df09a7f149cd32b5c
382,381,1066,0,TEXT_AVAILABLE,pymupdf_text,2438461beccc780116d33aac809849acd99c6089517219ea122dae7de5c770fd
383,382,1372,0,TEXT_AVAILABLE,pymupdf_text,2391645b1a10791c56725d5993607339f4e5036a540f20489b607de00ec7a48d
384,383,1431,0,TEXT_AVAILABLE,pymupdf_text,872388672ecc84d5422b041c37e7a6fbadc81112724ec276637a47188a371e86
385,384,864,0,TEXT_AVAILABLE,pymupdf_text,eb0a252a36f4d63a59b2d1cd67028eea7978bc43c7e2df7db23033865a1e60ec
386,385,1045,0,TEXT_AVAILABLE,pymupdf_text,9e44b654fa204e5729af35fea64f7797a374f74f7c22ea61b774c01bc49158f1
387,386,866,0,TEXT_AVAILABLE,pymupdf_text,76744f0abd924ff181b4fbd092ae169f74602e6653b80c93d3808006223b7482
388,387,1075,0,TEXT_AVAILABLE,pymupdf_text,9866a669a48a7bd8d62b796c8f9af50ab66ec1dcfe8882def59f0be5d31d6bfd
389,388,1032,0,TEXT_AVAILABLE,pymupdf_text,95dddaea8d51662af3bbeae2e019e09ebc8230756ac5ae22c748500abc79f492
390,389,725,0,TEXT_AVAILABLE,pymupdf_text,063c9d8250cb5789ce9aecbd1efe0314efd86e45b4964b2feac6a838355444d0
391,390,894,0,TEXT_AVAILABLE,pymupdf_text,73aa3b7c93fcf00b562fe5402edd41d92f66b8dee867cb97ad644dda0d81067f
392,391,899,0,TEXT_AVAILABLE,pymupdf_text,96ac97d431e38dc7e28e1cfaf48eb9bab4fa5c2cf210dd07eb57aaf0b7bdc3e5
393,392,930,0,TEXT_AVAILABLE,pymupdf_text,3b85fdddf59421527575b04346fc52343453398085b437926bfea3c8286c468e
394,393,556,0,TEXT_AVAILABLE,pymupdf_text,48c1998b69249839df5c694ad7b96973119b64ea715a6bceeee35e77942db06b
395,394,760,0,TEXT_AVAILABLE,pymupdf_text,6dcaf24598cae0ef977f4c073f91cd6aeb2c8291f9d35ceca453b2ffcff23aff
396,395,735,0,TEXT_AVAILABLE,pymupdf_text,b999a146c074f90725d30d939506754ef9be4b7f491fe2eb4f8845d3faa2f873
397,396,799,0,TEXT_AVAILABLE,pymupdf_text,6eebd2cbd25f434e10a3943103b158ade541f1261acae419e4c1a916b500a9e3
398,397,940,0,TEXT_AVAILABLE,pymupdf_text,41e7ecfa5eeb8f9ff1a2214af35fcd285adc00dd470f01da464f684e068b9c33
399,398,952,0,TEXT_AVAILABLE,pymupdf_text,2564d4a7f91ee1515a95e2b9bb15aff5e70d25e63bc9988664503933a14802f1
400,399,372,0,TEXT_AVAILABLE,pymupdf_text,faf283811b7642a40c96f42a316c7d3b4c8be166d15cbaf3e39bfbdd8034a384
401,400,922,0,TEXT_AVAILABLE,pymupdf_text,95ee2102d93db8a94a1900b17c509fad56caf6a1f425fc6361156b666d2895a0
402,401,1131,0,TEXT_AVAILABLE,pymupdf_text,dc191eb082581219e371135ce5ca1105f79e5f6df6800db5690fbd39cc93c874
403,402,1032,0,TEXT_AVAILABLE,pymupdf_text,f9daaed929a1dc0dcbe1905246df07d41192eb10cb008110909bf0f9c7e14057
404,403,1067,0,TEXT_AVAILABLE,pymupdf_text,cfc72f6cfc16522de8a16916ba826b875724dbc0478efc1bb44b9f647260e48c
405,404,1133,0,TEXT_AVAILABLE,pymupdf_text,197f872756da5fa07feee6ebac3f702bbab59b613f94eaf1248c233d1bb246bf
406,405,1536,0,TEXT_AVAILABLE,pymupdf_text,1ee4bd987dd2eef6edb0b32120a9ab075bbce438da69cd24c3ebafec0ab2253a
407,406,703,0,TEXT_AVAILABLE,pymupdf_text,900cd23a96e4db62640edc76b93fd06e145d18506e7a497464b0b507ccc96fc6
408,407,207,0,TEXT_AVAILABLE,pymupdf_text,00a53a7b90e8a2fb6e9a331347573b604921d967e0b2d2f1809fbe885378626a
409,408,442,1,TEXT_AVAILABLE,pymupdf_text,9b4cfe3451051eafc37b9720c7514729577833a9555bff61bc54ab2ca7477b28
410,409,236,1,SPARSE_TEXT_WITH_IMAGE,pymupdf_text,8539d96f32e72a64805e9ad8baf2958cc0d34620c5952a5ecab91727d5ad8ae4
411,410,281,1,SPARSE_TEXT_WITH_IMAGE,pymupdf_text,1d601ad97eb71b6fbb05a078a4f61defdd0ad06158f8c5b484435fca14c3d8fd
412,411,264,1,SPARSE_TEXT_WITH_IMAGE,pymupdf_text,9d5a043eb73802c10049acfe42eccf9b4ca259266b9bc2a69475a758085f4702
413,412,341,1,TEXT_AVAILABLE,pymupdf_text,3bfdc923e364350174c33569ca6d0ece190e28f1cd1b855521cb1f274a699708
414,413,606,1,TEXT_AVAILABLE,pymupdf_text,bc0d181a158bd32b4496f9a22846e44bf97f4aeaa1233c096e72c1861fb6d1c6
415,414,361,1,TEXT_AVAILABLE,pymupdf_text,964b13f7073eea24b80f272e906e782a9c2cb7e047ba3dbde8521bcd24b2c67a
416,415,358,1,TEXT_AVAILABLE,pymupdf_text,133180ee1c574781c1fd723e496178cc724bfd3af9d6dfd03785da53d921bc8d
417,416,401,1,TEXT_AVAILABLE,pymupdf_text,53c9e54184a657c065dede5651afcdde6607a96d80049cd5d3b7576e23807157
418,417,480,1,TEXT_AVAILABLE,pymupdf_text,48495b9fd0bc4165fb137040be7bed8e744deb679e56e235f3f669a023dd0a73
419,418,454,0,TEXT_AVAILABLE,pymupdf_text,5fa9a3a6539c478c21a9f4b3576b7a18964d40114764638db858cdb3ef23dd40
420,419,317,0,TEXT_AVAILABLE,pymupdf_text,3f2d1018bfae3e91da785f199618242a0685c0b06eeca575131ee6568afdbedd
421,420,749,0,TEXT_AVAILABLE,pymupdf_text,6244e7460c5f596051bef035ba631c265d24baa2e86f5ff2d842f1688a8cfb4c
422,421,753,0,TEXT_AVAILABLE,pymupdf_text,89a1e097c5471a34c612a0bc389dfa512ae3307ee4ff3a649a7c4dd2ff7196db
423,422,503,0,TEXT_AVAILABLE,pymupdf_text,61262562e0120f317cd2beac4221300c971be68837144545b6e5125b168c3671
424,423,824,0,TEXT_AVAILABLE,pymupdf_text,a1a03ce2202131e8128a506bf067f04a88c9f04eeec4048573a3daa19501eb9e
425,424,906,0,TEXT_AVAILABLE,pymupdf_text,de10a91ec8d7c4a1b1c66842a79f66c99d404e64fdeb0c3882e90ceceb3dd2db
426,425,890,0,TEXT_AVAILABLE,pymupdf_text,35c00a8ef5d70c8df9bf96b087a2fd1cf3d245e1e0ba8807cc0d2a34762be3d2
427,426,908,0,TEXT_AVAILABLE,pymupdf_text,bd875ea4a480af522926e9932121ec8ddfbf6767e4887283c3e26fa30d96a008
428,427,878,0,TEXT_AVAILABLE,pymupdf_text,5a470af35d8eb98ac27d4b071876b6df1c6043ae15d0644f8ec1d10d4d41f6c5
429,428,873,0,TEXT_AVAILABLE,pymupdf_text,acb36399bfe42dcdd1f6e66dff96117d81bed149d6d1ff481e5f8d950fa5abe1
430,429,920,0,TEXT_AVAILABLE,pymupdf_text,3eb87f6ee0998d5f0310a8303d7aa75face99d347f439652d93185a6f028af0e
431,430,773,0,TEXT_AVAILABLE,pymupdf_text,e35d42fc69dfd6ac0bef1055885a209e60dc2c6fe4e8db2667ce79376419510a
432,431,949,0,TEXT_AVAILABLE,pymupdf_text,342a810106ca188d649c2300a774f523115c94e3cac9acdc1a222cef0c554434
433,432,874,0,TEXT_AVAILABLE,pymupdf_text,3133e4d3d1c513d1687b5c152eb2644ecbc1b1af5abe9afb2db1d77ffe5746e2
434,433,793,0,TEXT_AVAILABLE,pymupdf_text,449f0d943d7a78bf3f29dc177aebe310fc1c7c00c342a8d262d3099350bc7ae3
435,434,731,0,TEXT_AVAILABLE,pymupdf_text,9021054c32652f1bd7c613e55fd5ffc20f2cfb9cdd6fe57a9913f64a22d6fa57
436,435,712,0,TEXT_AVAILABLE,pymupdf_text,da1904df2ac134b98c37303ba05a74f373d4551abd3efe9ca0f4df862001550e
437,436,794,0,TEXT_AVAILABLE,pymupdf_text,2c84a217c67234a854403b31659061a18609dbdbcf54aa16a5187b56f34891e2
438,437,988,0,TEXT_AVAILABLE,pymupdf_text,ec69e43542950515887d1dff52890537263527fc50f260b5e6091e096c37bfc0
439,438,798,0,TEXT_AVAILABLE,pymupdf_text,eac80e74439b56b1ba334747f39a327c759618a51499aab2873c17c2c11bed84
440,439,558,0,TEXT_AVAILABLE,pymupdf_text,9164f6264da37c5ba6fd3811261cd03e8c25e9fd76042aad0b6920732399c63d
441,440,908,0,TEXT_AVAILABLE,pymupdf_text,548819845f026896ced9f866ea4978333e43a526029d93bc09a10df534626a93
442,441,771,0,TEXT_AVAILABLE,pymupdf_text,5fed5445bef9ab5389ad6e6fd92f35e47dc9921292a026f3615cb87387abde3b
443,442,445,0,TEXT_AVAILABLE,pymupdf_text,e6d92d02bb7b754af72bf75878e1ee3ff977f63234365060537db19a3d74a729
